model,accuracy,f1,roc_auc
LogisticRegression,0.571,0.6813567714780886,0.552806403525828
RandomForest,0.5343333333333333,0.6179928903472792,0.5261392237561302
XGBoost,0.5346666666666666,0.6275346851654215,0.5192004054414127
