model,accuracy,f1,roc_auc
LogisticRegression,0.5703333333333334,0.6808615994057935,0.5498677634469001
RandomForest,0.53,0.6126373626373627,0.5139519015418297
XGBoost,0.531,0.6249000266595575,0.5133852377557413
