model,accuracy,f1,roc_auc
LogisticRegression,0.5673333333333334,0.6788718456209797,0.5528995722341046
XGBoost,0.5403333333333333,0.6317757009345795,0.523500568914238
RandomForest,0.5203333333333333,0.6047789068937105,0.5088697060369722
