model,accuracy,f1,roc_auc
LogisticRegression,0.5676666666666667,0.6793572311495674,0.5518130540612555
RandomForest,0.533,0.6179438232887919,0.5341470067189492
XGBoost,0.5283333333333333,0.6219609938551963,0.5181267148443407
